{"options":{"minLat":35.55383403139,"minLon":-105.30742073059629,"maxLat":35.661019951857526,"maxLon":-105.13146781924698,"north":35.661019951857526,"south":35.55383403139,"west":-105.30742073059629,"east":-105.13146781924698,"projection":"EPSG4326"},"ul":{"x":-105.30742073059629,"y":35.661019951857526,"z":0},"lr":{"x":-105.13146781924698,"y":35.55383403139,"z":0},"widthInMeters":15932.176,"heightInMeters":11892.464,"area":189472829.521664,"width":0.175952911349313,"height":0.10718592046752917,"shit":"fd","minelevation":1916.5,"maxelevation":2361.6,"files":["elevation.png","fuel.png","ls.json"]}